,open,high,low,close,volume,return_pct,hl_spread_pct
Component 0,0.16161411197444023,0.1613947467243085,0.16341118974685856,0.16253981550614943,0.3757425435589396,0.5633105813661947,0.11037542822660662
Component 1,0.6003064770393968,0.6032886730888664,0.5975709450701175,0.6006378777577687,0.4335899586321274,0.5629097954162721,0.13322592849899614
